Tweet Count,Sentiment,Positive,Negative,Neutral,Date(UTC),Company Name,ESG
10,neutral,1,1,8,2023-11-18,AAPL,80
10,neutral,3,1,6,2023-11-18,AMZN,78
10,neutral,2,2,6,2023-11-18,MSFT,90
10,neutral,2,2,6,2023-11-18,TSLA,72
10,neutral,1,3,6,2024-03-17,MMM,90
10,positive,7,0,3,2024-03-17,AOS,53
10,positive,7,1,2,2024-03-17,ABT,83
4,neutral,1,1,2,2024-03-17,ABBV,80
9,neutral,1,0,8,2024-03-17,ACN,83
9,neutral,3,2,4,2024-03-17,ADBE,70
10,neutral,3,1,6,2024-03-17,AMD,68
10,neutral,3,1,6,2024-03-17,AES,74
10,positive,8,1,1,2024-03-17,AFL,50
10,positive,4,2,4,2024-03-17,APD,83
5,neutral,2,0,3,2024-03-17,ABNB,31
3,neutral,1,0,2,2024-03-17,AKAM,69
10,neutral,2,2,6,2024-03-17,ALB,72
8,positive,5,2,1,2024-03-17,ARE,74
5,neutral,0,0,5,2024-03-17,ALGN,49
